Column1;Column2;Column3
NomPrenom;Ligue;LienImage
Angel Di Maria;Ligue 1;https://encrypted-tbn0.gstatic.com/images?q=tbn:ANd9GcRh2v8vtKjkWwGnGaU7HMDg_KV0CRDPHm33hiiEjKge3aqqyb_nEBHM-y0HB1k&s
Adrien Hunou;Ligue 1;https://encrypted-tbn0.gstatic.com/images?q=tbn:ANd9GcQWm1z9OaeuoHnBbc9TfJ0KWdjNYOtBHeAWI4UfRQvz57dD7alMTNxtMVzkAg&s
Adrien Thomasson;Ligue 1;https://encrypted-tbn0.gstatic.com/images?q=tbn:ANd9GcQiLjzovBAAX5FXw5V2uwV-GAq869j8945o0dBrvFlcXudlHMA1a3aK3f9abA&s
Aduriz;La Liga;https://encrypted-tbn0.gstatic.com/images?q=tbn:ANd9GcSxpUOgUDH3YTUeYNk7-B1jv96pVZB3xQU85tDox2E7bA4o0wmvWvzcj_pBa-Q&s
Alassane Plea;Bundesliga;https://encrypted-tbn0.gstatic.com/images?q=tbn:ANd9GcRZRt6Pu03pIqX4qeG-1_3rLJOfI4-SJQjfU_ciuIGIELOWiZEb_nO5cOmSRA&s
Alejandro Gomez;Serie A;https://encrypted-tbn0.gstatic.com/images?q=tbn:ANd9GcRD63D099NoCY_waehpSesFDyggWsTaCmw5NxSJkiruJ-9LYpMSm8Go0Xm8olo&s
Mohamed Salah;Premier League;https://encrypted-tbn0.gstatic.com/images?q=tbn:ANd9GcRdP7vEr705crCmstLfTt6ZhcbltCH0M0wCEwmHbFMUZa8O0MBo95yhBNvGRw&s
Alexis Sanchez;Premier League;https://encrypted-tbn0.gstatic.com/images?q=tbn:ANd9GcTZ-VHVwdhMY4RzBTbal5IGOds0Qmri1pulxShgJxcF__7q97TgnOoqho1Lgro&s
Alfred Finnbogason;Bundesliga;https://encrypted-tbn0.gstatic.com/images?q=tbn:ANd9GcShZR8XypCT-eoc_D3c2mPRJWILjgtvzKCpX3Mk_6pFnraliAG3MkXQSj0uAQ&s
Andre Silva;Bundesliga;https://encrypted-tbn0.gstatic.com/images?q=tbn:ANd9GcS-xqZ6hqSe5SpTuLA8F57RZTf2ec7qZfcdXmiCUI0D3TkxqI44iqooD3QS77Q&s
Andrea Belotti;Serie A;https://encrypted-tbn0.gstatic.com/images?q=tbn:ANd9GcS02tWOrYnYfJTmhzz09SvsP7elwJSznpDuIGFZBwAZn-f7_VmpOihjAK5aFLc&s
Andrea Petagna;Serie A;https://encrypted-tbn0.gstatic.com/images?q=tbn:ANd9GcSnSstg7jA6A_IOXSemIQYub-fbe6sa9cjOryZhRxV3Zy8e7B2Q3hFn1yuhFw&s
Andreas Cornelius;Serie A;https://encrypted-tbn0.gstatic.com/images?q=tbn:ANd9GcSjuR9DCpD48QzTcRrgo8tlAW5Mql836x7JD-UeP0-3cWMFYHLY-47LaEC8nA&s
Andrej Kramaric;Bundesliga;https://encrypted-tbn0.gstatic.com/images?q=tbn:ANd9GcRUE6cxiVT7xef0no7zTV_Yvp7hIEgBxFjx-TNWy9lTiIQQDR3ugqNyo6sBCw&s
Andy Delort;Ligue 1;https://encrypted-tbn0.gstatic.com/images?q=tbn:ANd9GcRLWSRQFFayQUJOQdPnoodq3M93yhU5hgOz0nxbpINqpQ8qYu3JumIsFfy6DQ&s
Angel Rodriguez;La Liga;https://encrypted-tbn0.gstatic.com/images?q=tbn:ANd9GcRNLCM0JGoFddpFZwe28l94UG209SY-BvkeIT1rAdyZqqivwiyS12-LbigPug&s
Ante Budimir;La Liga;https://encrypted-tbn0.gstatic.com/images?q=tbn:ANd9GcQCeXdLyUbVAa1bb2u4IV5XTGxik-TxWM_0R9UNP_81vtt545_1lmBz7JcB6xw&s
Ante Rebic;Bundesliga;https://encrypted-tbn0.gstatic.com/images?q=tbn:ANd9GcQ6TLHDjFYctVhggZCX0S8j0dUcshs311u7khqMi2AjJaH1TmO668VTM97uNw&s
Ante Rebic;Serie A;https://encrypted-tbn0.gstatic.com/images?q=tbn:ANd9GcQe8nl1r-9pFMp-IB-PlShqXw8axgxHAwnLkmnY1Vbi_6WEgZrC25Sfw9Lfbg&s
Anthony Martial;Premier League;https://encrypted-tbn0.gstatic.com/images?q=tbn:ANd9GcSUWdOf5vODSeKvETJxioi5w98MRPsKxgaa8q8cqZhALrkixsAapraeEePi9w&s
Anthony Modeste;Bundesliga;https://encrypted-tbn0.gstatic.com/images?q=tbn:ANd9GcQhwsmm3hW3BzpPoSkMRyTmFB49xniplpoOdhlKUfmyHnae1OpkbZYMM7Ag_L8&s
Antoine Griezmann;La Liga;https://encrypted-tbn0.gstatic.com/images?q=tbn:ANd9GcToVmydfK3wjhhDtzb1ygiC_-pfbe-hMGIVGYfICeeF8ayJx7vQNH22dzI5Fw&s
Arjen Robben;Bundesliga;https://encrypted-tbn0.gstatic.com/images?q=tbn:ANd9GcS4VhrR7cjDX4ga_vc_EFXv3cwA2RqHpjqx8TR4um7VqT_-hrEiqJc_MX9xB2k&s
Arkadiusz Milik;Serie A;https://encrypted-tbn0.gstatic.com/images?q=tbn:ANd9GcQhSwm1esGlQKR_Hyd52e76zBgB1mHYq0Gw0Tb18b0Q0Kk_HcNd-iXFpR7nzHA&s
Pierre-Emerick Aubameyang;Premier League;https://encrypted-tbn0.gstatic.com/images?q=tbn:ANd9GcRPtjMAy_A0m4gaX_E9eQUEBWnTHEd44M49usEbRLhZ5P10iAUj51BKaBxN9Nw&s
Sadio Mane;Premier League;https://encrypted-tbn0.gstatic.com/images?q=tbn:ANd9GcSSILCEfasFx1yJuFVu799wdkGQXLNa1jdOP0QGNZ7aImZpwiv1KCs00GHZwA&s
Benito Raman;Bundesliga;https://encrypted-tbn0.gstatic.com/images?q=tbn:ANd9GcSJT_7k_tkffixZybJzAkCzooxNuhve6g5JBAs8RTzeH-ZpCT6NGKkYTCFEzwM&s
Borja Iglesias;La Liga;https://encrypted-tbn0.gstatic.com/images?q=tbn:ANd9GcQ9LkEM6uWRHd-xDx6k5h_N-JWvJTsBssPo1rSOBr7DhCuEqt8q8FIaT3lmAw&s
Burak Yilmaz;Ligue 1;https://encrypted-tbn0.gstatic.com/images?q=tbn:ANd9GcQ_PIWHmJU0PBgYK3uNjiNRbOQqGG4LIXBIB54HSsjfXQlvbVbQg_sQ09lobw&s
Sergio Aguero;Premier League;https://encrypted-tbn0.gstatic.com/images?q=tbn:ANd9GcTTPstkuDtOzTtdx-DNwegWmcY7BrJUDebfJYytdbXP4lT4cBbfd7gn3WQ6_w&s
Carlos Bacca;Serie A;https://encrypted-tbn0.gstatic.com/images?q=tbn:ANd9GcT5NyruHNmHqyFSBGp4fYJPn3T4tfI0L51Xj9GXyXXLyCEUFnYPY-YeKq37caA&s
Carlos Bacca;La Liga;https://encrypted-tbn0.gstatic.com/images?q=tbn:ANd9GcS3IefMbS1EZdzrj7ufSMNPOx9dvyxI4IzwqbwqsDjXyz42N68nTUY_0bMOUgw&s
Carlos Fernandez;La Liga;https://encrypted-tbn0.gstatic.com/images?q=tbn:ANd9GcR1_rfhgqkOTb4g1r_Azcv2sxHIwxNft-xcY1v2_DEH8bLWhlHocGUVl5c3DTo&s
Cedric Bakambu;La Liga;https://encrypted-tbn0.gstatic.com/images?q=tbn:ANd9GcREHrgJGgpR0FvSrtNYvM3Kif2Aa4YJGlKIldehRJ0I-cbutsldYDBkuQr9pA&s
Chicharito;Bundesliga;https://encrypted-tbn0.gstatic.com/images?q=tbn:ANd9GcSE5E1aZqDC2FrQx23iC5t2K9JHUd9qbByL-sZEoXRGd34biuflWNpLXRWTyw&s
Chimy Avila;La Liga;https://encrypted-tbn0.gstatic.com/images?q=tbn:ANd9GcTfd5f9gsL7m0ZIRcWUFRp8TxHBBtIR41nT75NOGgjrF0a76vWp8McIYF_0Fw&s
Chris Wood;Premier League;https://encrypted-tbn0.gstatic.com/images?q=tbn:ANd9GcQZFkiBi57sKIYhInk7IVN_Xn0hPzSwdkSB1FxQFdisF5LEmg0xDtnA1bg8rZ8&s
Christian Benteke;Premier League;https://encrypted-tbn0.gstatic.com/images?q=tbn:ANd9GcQv2VN8i0brPtfkK2Toe9gPiu1FnTVpFHKq1Hz4TbElpgd0fnaXcWgJugX6sFs&s
Ciro Immobile;Serie A;https://encrypted-tbn0.gstatic.com/images?q=tbn:ANd9GcTllhC2tfyauR4jUCOufr9wyjd6j3kAUmgjK8soBLCi1wUlU19vCNsbHEgkxnU&s
Cristhian Stuani;La Liga;https://encrypted-tbn0.gstatic.com/images?q=tbn:ANd9GcQB11oj4ddvGaEoF0KjuN9fFSIny_Zei9a1po2SRBZFJ7eKgpm8WemRK4_2fw&s
Cristiano Ronaldo;La Liga;https://encrypted-tbn0.gstatic.com/images?q=tbn:ANd9GcQmSHiCSf9YFXOXjuP6Gre4RRfTIN2MLWR7-sbigPLivzB3t7NXw5AT6Z3fIw&s
Cristiano Ronaldo;Serie A;https://encrypted-tbn0.gstatic.com/images?q=tbn:ANd9GcQPTjzKLruMen1BSmwJ2BRVXkQnzyh-RuJSeZ27VgtkNr4nbJrgxh3EGrpd8pk&s
Cyril Thereau;Serie A;https://encrypted-tbn0.gstatic.com/images?q=tbn:ANd9GcQSodGcbQD0qepErCDqfykzeRQLyRmF7cPKnVuNFVtIMli5DwdGmGahSziiEg&s
Daniel Didavi;Bundesliga;https://encrypted-tbn0.gstatic.com/images?q=tbn:ANd9GcTPo6QngZNTwIWPVJh-LT9vHV5g73Fqjxs3WneFaCfnVBw0-_f22Q7t-TmlGQ&s
Danny Ings;Premier League;https://encrypted-tbn0.gstatic.com/images?q=tbn:ANd9GcTTeSLJUqI16qWJPMqPFVqhecAy8zYsLO_h6tsihV-d9X9YKiDo79QHZXTTUBM&s
Dario Benedetto;Ligue 1;https://encrypted-tbn0.gstatic.com/images?q=tbn:ANd9GcRfFXkVq4PzNIsufSOYh4JW_fwCoqTvBVKF2hBe9cRHSjNN1Yt9iBfWgvayhQ&s
Davie Selke;Bundesliga;https://encrypted-tbn0.gstatic.com/images?q=tbn:ANd9GcSrlfpPVmlHDltN6ATUhYRE87FE4M8QYVyKQAPy4yvnI5IR_YEQjKG3L4PEDQ&s
Dele Alli;Premier League;https://encrypted-tbn0.gstatic.com/images?q=tbn:ANd9GcTyKlloBrkMKFwvRuwEW1EomHoJdjKRmXYiRcVOPMhBCAAaFvnFFTLiKwgEd94&s
Denis Bouanga;Ligue 1;https://encrypted-tbn0.gstatic.com/images?q=tbn:ANd9GcQtN0_BKW8NXYFiSE-BRo9FZiYj2Zk3KT8hxhtsBj2xp2YWSfkXZcIzJlWzeQ&s
Diego Costa;Premier League;https://encrypted-tbn0.gstatic.com/images?q=tbn:ANd9GcSKfrcRFJUbunAi-i2L1N7V6jp18sMySqxS8PS4e9ysQNDNV2kWv7nfAn8Ok88&s
Diego Falcinelli;Serie A;https://encrypted-tbn0.gstatic.com/images?q=tbn:ANd9GcSFFcept6HbBXZy_5H-61nwXOj64-O2UMCdX5kcmHcRLRBUWXCYgBFUCpvGSlw&s
Dimitri Payet;Ligue 1;https://encrypted-tbn0.gstatic.com/images?q=tbn:ANd9GcSXS2gxHb1AobysPsID9U6YSRqYBQeDkjLKILvkvDrnO73mdnl5fVIq_ssx5RM&s
Domenico Berardi;Serie A;https://encrypted-tbn0.gstatic.com/images?q=tbn:ANd9GcQgtE-OX3Qml8zJyoZSeGtViEL-jXDJZmIfHjp1hAIs2AAF5VN07oDat5ovYFM&s
Dominic Calvert-Lewin;Premier League;https://encrypted-tbn0.gstatic.com/images?q=tbn:ANd9GcSKXFQlk_r1VvI5KOdXx0h7l_Z5DKcr1Qu6Wh0srHstML5NcyPT8WzuqHh5bpg&s
Dries Mertens;Serie A;https://encrypted-tbn0.gstatic.com/images?q=tbn:ANd9GcQlP56D7i1gijxuE0VIUmkiTtMl-IsDhB1ebfB5NR-QSPHY9J0473FRiLHwyro&s
Duvan Zapata;Serie A;https://encrypted-tbn0.gstatic.com/images?q=tbn:ANd9GcRYO0Y69UaCFF4RW8i78cLfRY9ffZ54z6V5M5eFaGpPmh8vlTWqyuh_KwsJ7ZE&s
Eden Hazard;Premier League;https://encrypted-tbn0.gstatic.com/images?q=tbn:ANd9GcThTkFIVMxoSi5cdfyfdiOWyExo9PgM7MIhX58N2OE3HepfRJ0w_LH-ctJjeTg&s
Jamie Vardy;Premier League;https://encrypted-tbn0.gstatic.com/images?q=tbn:ANd9GcQl2uf8rrutMEYhpXMZyUE83MSKNP9DY2j6tzPrhIYvpcrf-7J5lkJfySsEyjg&s
Edin Dzeko;Serie A;https://encrypted-tbn0.gstatic.com/images?q=tbn:ANd9GcSLpe14q7aPsL0ljzL6eTppsttFz6PjEIC_zbMXCd9z468A70VxwzH95vscYw0&s
Edinson Cavani;Ligue 1;https://encrypted-tbn0.gstatic.com/images?q=tbn:ANd9GcRvJik2jGoAAPfk7M6tgXqSmL4Gv4sPKaCgeo1udoASfKBJ-8oPhMx7LSmz&s
Emil Forsberg;Bundesliga;https://encrypted-tbn0.gstatic.com/images?q=tbn:ANd9GcTvIz3yu8_GYcKr-1esVLMRLqyQn-VVawp_PANynd6HlhB9wbqGA6_8WGm4JA&s
Emiliano Sala;Ligue 1;https://encrypted-tbn0.gstatic.com/images?q=tbn:ANd9GcShdzNNfBd10r1oiRLsk1jbGXykzWt1ALnC9JC076tioUlGt93_6imaMv49pSQ&s
Erling Haaland;Bundesliga;https://encrypted-tbn0.gstatic.com/images?q=tbn:ANd9GcR1ZPad9VVeQI9aXbt9wCug8TUq-_V08x78LgAlonM8kj-Sg5IndWm2DrbDSMI&s
Fabio Quagliarella;Serie A;https://encrypted-tbn0.gstatic.com/images?q=tbn:ANd9GcT7BuGOzkNVh4aA7ByLPF_0Uc6zMMG8EQyCs5tNnnikAZ-WTWgCU-Gtrt_7FQ&s
Falcao;Ligue 1;https://encrypted-tbn0.gstatic.com/images?q=tbn:ANd9GcQZgOz0AXxkN4tBeFh-l7WtKPRNoZ9-AcM6rRse2NAamIpcddBHCVJo-T0VHw&s
Fernando Llorente;Premier League;https://encrypted-tbn0.gstatic.com/images?q=tbn:ANd9GcSv5xhzcNkTn3GmeSEHK07-e-wtQ2hUXU5zAyqr6_2UYL36_Dop1z3ZuYUBTA&s
Fin Bartels;Bundesliga;https://encrypted-tbn0.gstatic.com/images?q=tbn:ANd9GcSMoWXGP7IyNFc-6BeSPy7Ed__2BuThCP01sqbtz-5vZtiPzz480KpbgDqogTA&s
Florian Niederlechner;Bundesliga;https://encrypted-tbn0.gstatic.com/images?q=tbn:ANd9GcQhc2bBYf_s-OuLBmiiO9-pVPuxbqyGDJczHCM17U02ilYcgQ-oM3P1mOtdsw&s
Florian Thauvin;Ligue 1;https://encrypted-tbn0.gstatic.com/images?q=tbn:ANd9GcSFOUJTYgLsXcOQ-79HUTEt-XgB16MqUZQyy7BOosiXz7WC0dNyWivsZcCXgA&s
Florin Andone;La Liga;https://encrypted-tbn0.gstatic.com/images?q=tbn:ANd9GcTOUyVczbggUk_oe3-Y5xnJ5ydx-YHLpUiES3BAcD_1oLQMxkYHkIshg5x7bA&s
Francesco Caputo;Serie A;https://encrypted-tbn0.gstatic.com/images?q=tbn:ANd9GcQ7eRl2CtAMvykivz6AXEF0nnOMVJlCl3d3TAj2jipbN2AwhcKYcxVEYkzLkQ&s
Francois Kamano;Ligue 1;https://encrypted-tbn0.gstatic.com/images?q=tbn:ANd9GcQ2-KLQf359UYvLbly6EbUF4rPYc5gfRyQwxZ4ptM1M3-sI9YZi8-Ia94cg81M&s
Gabriel Jesus;Premier League;https://encrypted-tbn0.gstatic.com/images?q=tbn:ANd9GcRSGN-wTfk6zh6DBmnUK1baboB2-pHo-6tnzJSNwU1ZQeMhTWXEiKsbxRfPg7g&s
Gael Kakuta;Ligue 1;https://encrypted-tbn0.gstatic.com/images?q=tbn:ANd9GcTjSYjXL8HwyaC9UJQsVsQQuTCZBtwVK3jYksAhpHIvD7xP4crqf27XimMPtw&s
Gaetan Laborde;Ligue 1;https://encrypted-tbn0.gstatic.com/images?q=tbn:ANd9GcRZW3dQesL79W6SlVVg6BE6j9RZpSvFODjP7QFVu3_Gr_fkLN6sUxPht5Bjsw&s
Gareth Bale;La Liga;https://encrypted-tbn0.gstatic.com/images?q=tbn:ANd9GcTTZl6Fpy_lRMqfVSl_h4TNkqAc0CA3lpO7Xo7XYfuDzzjvgtE2k142xNg3ak0&s
Gerard Moreno;La Liga;https://encrypted-tbn0.gstatic.com/images?q=tbn:ANd9GcT8lgJlX9htcfBp2dJUyJa83_EOiN8gayPKpTc65laixRiDNqbP3xy6tLbTUQ&s
Gervinho;Serie A;https://encrypted-tbn0.gstatic.com/images?q=tbn:ANd9GcSwsjaBYNPE8oPRTVI_jL9GdCfo2zECF2qiv1o7D0lMWnr4jVdKLb7UYoLj0ZY&s
Gianluca Lapadula;Serie A;https://encrypted-tbn0.gstatic.com/images?q=tbn:ANd9GcRyEdK_bXIW348d9jQIFnKCOPBvaE-acksUv05VJMTZm8MBp8Yml21rhUyoGA0&s
Giovanni Simeone;Serie A;https://encrypted-tbn0.gstatic.com/images?q=tbn:ANd9GcSjlFxwf1aqdSYnO4RlszM3LkionHlsXB9GE4OyZeEgRnFWQVVU1vaNP4w8Iy8&s
Harry Kane;Premier League;https://encrypted-tbn0.gstatic.com/images?q=tbn:ANd9GcQpZYOJNVy9pOaZYrGbZ_O7-HX2KXxB3fZGEs5KYO2QSycwIAZbwIyv4u_hfw8&s
Gonzalo Higuain;Serie A;https://encrypted-tbn0.gstatic.com/images?q=tbn:ANd9GcSlq04I0Zbnqnj1m7HTK454drNidjpscCJH83k9pD5URai_cwn9Ie2V0uwf1A&s
Gregoire Defrel;Serie A;https://encrypted-tbn0.gstatic.com/images?q=tbn:ANd9GcTi0P4lINy9ObeeNJBztMd5oX-Wwqnyagasyk2y9Nr-rw-AOmK1RIYSTWLWrg&s
Guido Burgstaller;Bundesliga;https://encrypted-tbn0.gstatic.com/images?q=tbn:ANd9GcQYoW0Uv5MBPrJ9LJN-o7U0XgEiV7gPod3iuWu1mYNYVm_qRX1Lc09iKTYx2A&s
Raheem Sterling;Premier League;https://encrypted-tbn0.gstatic.com/images?q=tbn:ANd9GcQtfMWl7DfZVYeAmS3jiZFEPqhh7s6SDa1NimbHHOWg7zOBhYXnV81ZzDeHmok&s
Habib Diallo;Ligue 1;https://encrypted-tbn0.gstatic.com/images?q=tbn:ANd9GcRCqr9BSepsAJOA7kPzOpA1scXQ8BQ7ZrXJ5qCbiVc7o7qcEWgKeeFUHvrTYmk&s
Iago Aspas;La Liga;https://encrypted-tbn0.gstatic.com/images?q=tbn:ANd9GcQAMRMPXz_AUBjVjy8bVimG4MtWO5y_pvU6qSViSvpQ9oF6GkgSY-B8Rnmrqw&s
Iago Falque;Serie A;https://encrypted-tbn0.gstatic.com/images?q=tbn:ANd9GcS5nn5bOzi3fkWYO80ljdto0X8uIaX8hc9ARhvLgvpTu-7Nmt-1LobqzY-eLQ&s
Inaki Williams;La Liga;https://encrypted-tbn0.gstatic.com/images?q=tbn:ANd9GcQnbnDXQgHtMCYvZLc_L7stxi6q6rYtzj1DxZrygqck6OHy-x_F5wFLHPo-xQ&s
Isco;La Liga;https://encrypted-tbn0.gstatic.com/images?q=tbn:ANd9GcSW271smtFcvKR00E8NypWGC5_OnOpf0ba7Tk-wlU7aYkSQboriY2Ymr2Cky-s&s
Ishak Belfodil;Bundesliga;https://encrypted-tbn0.gstatic.com/images?q=tbn:ANd9GcTf3IUcFTOPzQLFzQyZ_hQ_zIpTMLIATccsT1eQgr_Qk9dg8971Y5mEYi3OkQ&s
Islam Slimani;Ligue 1;https://encrypted-tbn0.gstatic.com/images?q=tbn:ANd9GcSwD7MIwE6rwgZEyeLMix-wBHYuBR54qrZyiHLQmgNawaJ35pus6y1riHE5yag&s
Ivan Perisic;Serie A;https://encrypted-tbn0.gstatic.com/images?q=tbn:ANd9GcTWdDEkDuEGJIULOMjjkz3WdUMqKC3pd-VU1yCuijHK2V_qDHyEL_FpaGemPg&s
Jadon Sancho;Bundesliga;https://encrypted-tbn0.gstatic.com/images?q=tbn:ANd9GcQjhgJg3pkrfQ1zSmo1jPhhTx6RCnOJFp5t7f0Y9SD4Ma8-9agas5ZZPTvQFw&s
Jaime Mata;La Liga;https://encrypted-tbn0.gstatic.com/images?q=tbn:ANd9GcT7Zv33gYFhjL0xfgvcg2VLwKVIQWU_LYjD5IFt6dEYyZhLt1f1n-mzRNn-Kg&s
James Ward-Prowse;Premier League;https://encrypted-tbn0.gstatic.com/images?q=tbn:ANd9GcSyMznfjS7N7a3jrvHNGorHldGrf8f1TB8VT23e8SRmPQGpD5Lyp-Hx_2ZX9A&s
Alexandre Lacazette;Premier League;https://encrypted-tbn0.gstatic.com/images?q=tbn:ANd9GcQkkyTAduQmzWfZXsM5RFkApIM8-woU12vGX8U0-pL5SiZ4qRg04-2P76CNPQ&s
Jarrod Bowen;Premier League;https://encrypted-tbn0.gstatic.com/images?q=tbn:ANd9GcT2ehWOI_OLz5rezFJHj5eeF-TZ59kBOk9SPJXl-fbSkALnpKJV73YH9AiIotE&s
Jean-Kevin Augustin;Bundesliga;https://encrypted-tbn0.gstatic.com/images?q=tbn:ANd9GcTv1ti0H-ZIp3rCz-QhqraygCaHgJ-MX0EK1EMyRK-z7a32TYyLo5G7EwpCJg&s
Jean-Philippe Mateta;Bundesliga;https://encrypted-tbn0.gstatic.com/images?q=tbn:ANd9GcR5AVIhITGiLhGePe9wMuvXqv9LkADCoNbA2ksXx2BB06-yUqptZnyColv34A&s
Jermain Defoe;Premier League;https://encrypted-tbn0.gstatic.com/images?q=tbn:ANd9GcTqd5Lt6UG2ZUQcC--8qLlkq9xzMMc3svUKYsGxIiTE0YWNh8iSzDMT1ZxLDzM&s
Jhon Cordoba;Bundesliga;https://encrypted-tbn0.gstatic.com/images?q=tbn:ANd9GcQtAByWo9_eaYKzLJmyhGvm2C0PoFETIXVOReqqhXk2FE7t0sMMOE1HeCMDsQ&s
Joao Pedro;Serie A;https://encrypted-tbn0.gstatic.com/images?q=tbn:ANd9GcRsBfc2TEp1PApPB2gbwTdWFoGs7kcLym8D-PWtyoQrspGKlxAeDSbkaO0eDg&s
Jonathan Bamba;Ligue 1;https://encrypted-tbn0.gstatic.com/images?q=tbn:ANd9GcQ0B4DFUq0nX4Zyo9NE6C95zQH_91DxsyccuyQivGHFgyKGEqKEwNsPWXKoKg&s
Jorge Molina;La Liga;https://encrypted-tbn0.gstatic.com/images?q=tbn:ANd9GcR1HTHDVNC-ST5R_EDHkHpwu-ld1Pi7fR9iq7mSbSD0hObFOJ5YpuPLZVyou6Y&s
Jose CallejOn;Serie A;https://encrypted-tbn0.gstatic.com/images?q=tbn:ANd9GcSOIIxFozv_6vtsiXEEjh7CbH5zq8yphbvuzRyw5xBHHrNEONgQsvVSsaPjqA&s
Joselu;La Liga;https://encrypted-tbn0.gstatic.com/images?q=tbn:ANd9GcQ4oufVudD0L2pI7BpZoXCWgOGm9jljYwI2sQhbpN1h7Z1hQwLRpIwDSbEDHcU&s
Joshua King;Premier League;https://encrypted-tbn0.gstatic.com/images?q=tbn:ANd9GcR2_E7eKadBz6fMpaVZVtTrR-c2QB8Yw1cLVV35wNNLeIbZc2R4nGhwd7hT3Q&s
Callum Wilson;Premier League;https://encrypted-tbn0.gstatic.com/images?q=tbn:ANd9GcS07qb8u1tl0aR10DRpbIBuZZsO1rHMJymCQQovTxsBteEydll135bSxF-EkA&s
Josip Ilicic;Serie A;https://encrypted-tbn0.gstatic.com/images?q=tbn:ANd9GcRNauJOeRubZ54tOdeJ_uysq6DcPl4hA2yMJi-5WjFYnM_Lvm9AIj5lVktpFA&s
Juanmi Callejon;La Liga;https://encrypted-tbn0.gstatic.com/images?q=tbn:ANd9GcQBP0VDsTRtLGHLL3oHEKCVsHvBQNwrGotJ2tbwMreiJnt1DUXZljan_Mk7pQ&s
Julian Brandt;Bundesliga;https://encrypted-tbn0.gstatic.com/images?q=tbn:ANd9GcS1nddh_xD_7KIzYf8Yqbad-vBgoOAEWolvLWYYpxV-UN-j8BW0b7w3TjNSa6I&s
Kai Havertz;Bundesliga;https://encrypted-tbn0.gstatic.com/images?q=tbn:ANd9GcTSg5dC7hqZU81EniAuST65G9vAL2W1eHpRli3zxyReyFt07CJkF7nw9kWj0Cw&s
Karim Benzema;La Liga;https://encrypted-tbn0.gstatic.com/images?q=tbn:ANd9GcSijKuU1sxF9_YCYsNHYtIR0C3_QM33BXgNSWxn54FXCQw843XO34lQ8IycrRE&s
Kasper Dolberg;Ligue 1;https://encrypted-tbn0.gstatic.com/images?q=tbn:ANd9GcQC5Ke4a1N52m0XuxqduvLsMAqA0daZEA4I0RB4K393XyWe0rgPKSQ04cazONw&s
Keita Balde;Serie A;https://encrypted-tbn0.gstatic.com/images?q=tbn:ANd9GcROg8GKmNhpge6-eE0RWzlzu4jDKRuvtHAyCSzG1oWs8doMhmT7eqigzmpydQ&s
Kevin De Bruyne;Premier League;https://encrypted-tbn0.gstatic.com/images?q=tbn:ANd9GcTtOFfV3imHcwjRJym4--HepFuWyNILxJhNWYoUNvNa7e0KGvM-dBLFFeeJpQ&s
Kevin Gameiro;La Liga;https://encrypted-tbn0.gstatic.com/images?q=tbn:ANd9GcTPRJ9gZ9l423wD-zhVrIkuYqw-RZVaID5Hfey-4G8G9qbPHtCMk6N5PNKH8kk&s
Kevin Lasagna;Serie A;https://encrypted-tbn0.gstatic.com/images?q=tbn:ANd9GcS8reiuxMNQD5_h70598YQASa4_NXgqID-1iEropiqvW-GLPndpHWW7yg3vJWw&s
Kevin Volland;Bundesliga;https://encrypted-tbn0.gstatic.com/images?q=tbn:ANd9GcRY8rzj9NhhNrnQve7Tr1Oday5mhgKHUw60q2iWuVG9C42waRba9yYJ1VUapDU&s
Krzysztof Piatek;Serie A;https://encrypted-tbn0.gstatic.com/images?q=tbn:ANd9GcQxSie9qzwU0eiPFAgBforzaxhsivoT5M93kEWUT1O5EYEC6qk07RuYYSBf_ow&s
Kylian Mbappe-Lottin;Ligue 1;https://encrypted-tbn0.gstatic.com/images?q=tbn:ANd9GcTGZnTLYcwDZilmYJuuhuCZvOPLWtt7icvE2zBDxSg2aAGOfxcK_8cTXXlcyQ&s
Lars Stindl;Bundesliga;https://encrypted-tbn0.gstatic.com/images?q=tbn:ANd9GcTqzUgbmRRR8QgJHKIBSPsAweNjj7S0d25hD5M0GObpNt3shE5jfCFYZg48AQ&s
Lautaro Martrinez;Serie A;https://encrypted-tbn0.gstatic.com/images?q=tbn:ANd9GcTzm8DNV5lnoIrLzHNCL2vqyI1Q8cE2a1taBgPG2stBgHt_0bnHKahgma5RuA&s
Lebo Mothiba;Ligue 1;https://encrypted-tbn0.gstatic.com/images?q=tbn:ANd9GcSlaQWZ3N6cwVX1hKrZA66uCAdrZWZmohMHG4dzYZM2NoJKQiykbBesR7gpPg&s
Leon Bailey;Bundesliga;https://encrypted-tbn0.gstatic.com/images?q=tbn:ANd9GcQsvMadt9EmEoBdDrdv0cMdxSYIN4na2DHP9_21zDNYmSqmUaMRzSgrtIiAOQ&s
Leonardo Pavoletti;Serie A;https://encrypted-tbn0.gstatic.com/images?q=tbn:ANd9GcRV70DSjedEXopVbZpa1pSs75_T3XV9nn2C0HBdVp-mGAdb0CKTbXAIqsjvJQ&s
Lionel Messi;La Liga;https://encrypted-tbn0.gstatic.com/images?q=tbn:ANd9GcTvDoIyiIv-P4t65KvM0V40UTExXUOlvEzzcHz0kA_mFGIobAcFmtOkiBccJg&s
Loren Moron;La Liga;https://encrypted-tbn0.gstatic.com/images?q=tbn:ANd9GcSL-GyVFx6kRMzS-AkISptFpHAx-2XCTlKAozxS7WkDlkexKfXFqAZwXe0qsg&s
Lorenzo Insigne;Serie A;https://encrypted-tbn0.gstatic.com/images?q=tbn:ANd9GcQlXyhwg3D6GeP_mw5beeRWQFQaHRTpuT8yZA6RahDLW9nItYrZZsnwuFh5YA&s
Lucas Ocampos;La Liga;https://encrypted-tbn0.gstatic.com/images?q=tbn:ANd9GcQqyQ1PBSdxdNacNijP8bvg63Sk7AoqKJjkheMlEX7uA_mdPUN5ACp3mIyQpw&s
Lucas Perez;La Liga;https://encrypted-tbn0.gstatic.com/images?q=tbn:ANd9GcRqp3tAOgHbrDoWa-P-HftayrBSsUklzBp9UEWvtwFv9ThlToN-5BeNClPhr74&s
Ludovic Ajorque;Ligue 1;https://encrypted-tbn0.gstatic.com/images?q=tbn:ANd9GcQhpqUlxs8LeYSonxDo4IOUW0290d0gFQyg6nqQ3im-UjScPPJveJkXC23NknA&s
Ludovic Blas;Ligue 1;https://encrypted-tbn0.gstatic.com/images?q=tbn:ANd9GcQ_xAKNv40jb8cDzLFZxjKWH3iLOlquq5dl1HfGX3Cio0JQFi5pptljBPruLQ&s
Luis Alberto;Serie A;https://encrypted-tbn0.gstatic.com/images?q=tbn:ANd9GcQ9-ilsLP4u4YhzuLsXXpGB8a_2dunvIb3MB7yu_eTYWzDLBmJTNkyLwjifHw&s
Luis Muriel;Serie A;https://encrypted-tbn0.gstatic.com/images?q=tbn:ANd9GcTUkFclsb2X9polghSjgSELTM6Ks_NNICU23gXv77u-XREWngqqqhfmaAVeuGQ&s
Luis Suarez;La Liga;https://encrypted-tbn0.gstatic.com/images?q=tbn:ANd9GcT7Aj2fSmyHdTePo4MI9dEavkY8ohGPD5iAWtaPzHS5-x4uwUg-vHGWNRa-OA&s
Luka Jovic;Bundesliga;https://encrypted-tbn0.gstatic.com/images?q=tbn:ANd9GcT3BxmfJ51IwVunqTEDxL6wEtOvJVAZUXOaqEZiu4JvEPSJpDim06tnmxW2V3k&s
Richarlison;Premier League;https://encrypted-tbn0.gstatic.com/images?q=tbn:ANd9GcQinoATxgEFNGGSx6KtzYfGVw2Ofw_JbPHshDcremZFuHF9GGj4iNG4NZ2Nkhc&s
Marco Borriello;Serie A;https://encrypted-tbn0.gstatic.com/images?q=tbn:ANd9GcS4bjUB_DVuPiviRDBkkAu_pbeIFeWS2sNiSDHUq3DMlXZNHS0IwB9draQYxg&s
Marco Mancosu;Serie A;https://encrypted-tbn0.gstatic.com/images?q=tbn:ANd9GcQ3fu-CYnFzws4zkHE9BuTDbkn1F-mGsxPWmlanUqmPMhCuoB_Mr7DfK3QjvA&s
Marco Reus;Bundesliga;https://encrypted-tbn0.gstatic.com/images?q=tbn:ANd9GcQSzbm0GaMg0OWwFmwJN_tO6H1UVWc7RNIeP4B_oIr75bufAou4pnAIrXyGoVs&s
Marcus Rashford;Premier League;https://encrypted-tbn0.gstatic.com/images?q=tbn:ANd9GcQsXcO6rkfoBtuiYqn8pRTTeTrwhuaeloCglVLCPSdnrIt6MxWHLmIyZgd-NrU&s
Marcus Thuram;Bundesliga;https://encrypted-tbn0.gstatic.com/images?q=tbn:ANd9GcRsZlOPK82Xcc_xVzaXiuFEJDyy56eBtNHn1o3-TkPIBk37nWqJsGDyjiGpTs8&s
Mario Gomez;Bundesliga;https://encrypted-tbn0.gstatic.com/images?q=tbn:ANd9GcTVJaqU4cdlYzy1x4PREvO6P2H4IYuMlD9qhOfhowarRytNCLjIkJq5JuWUZFE&s
Mario Mandzukic ;Serie A;https://encrypted-tbn0.gstatic.com/images?q=tbn:ANd9GcQVbkYpoqDW2_LVozdxWv13tgiKiLUXnaJAdG6P1raD5BhEwhY1mBOrs8m2zw&s
Mark Uth;Bundesliga;https://encrypted-tbn0.gstatic.com/images?q=tbn:ANd9GcTqRqRJFDxq0qgGdFPktD16NkSdj7bCcZ6j4B4SggYs1QGLsSrpKOBp_N6rCLc&s
Mauro Icardi;Serie A;https://encrypted-tbn0.gstatic.com/images?q=tbn:ANd9GcT0_2_buWFrsHuzhQjqULcvBP603q-rYY4-eXd1NQ04aVeyYXbQV4fOksgMGNg&s
Mauro Icardi;Ligue 1;https://encrypted-tbn0.gstatic.com/images?q=tbn:ANd9GcQRwpoaty4KxDf6WSxfo-RG6zddC9w-uoaFFQNIbHt6Phsj1Enm28LZoMBO7w&s
Max Gradel;Ligue 1;https://encrypted-tbn0.gstatic.com/images?q=tbn:ANd9GcTFDMrbdP-sY298QIzj4lMdWKWPaWB1kxl_R2P1y0VGsnZ1I6mOeOU1u0GCQLI&s
Max Kruse;Bundesliga;https://encrypted-tbn0.gstatic.com/images?q=tbn:ANd9GcSsBN8ZPd9lW6PFSVMB4gBOdKKY24OKyLVOnU56lFsOE6VGc-k3OnKHoo2MNQ&s
Maxi Gomez;La Liga;https://encrypted-tbn0.gstatic.com/images?q=tbn:ANd9GcTI24TvZd8F136kof94_1GAy1o1wnsTXZFPocG6bPgnWlH8pX_tegSJozwqHVg&s
Maximilian Philipp;Bundesliga;https://encrypted-tbn0.gstatic.com/images?q=tbn:ANd9GcQARgpI-qZrQjMEetA0y7PUvV7UKpDz1-w9yr0BLwkWRs6r50yr4qWRoVJYXQ&s
M'Baye Niang;Ligue 1;https://encrypted-tbn0.gstatic.com/images?q=tbn:ANd9GcSV8xfCcGTnwZDmsz5i3zIf2vFaurfDTY6W69SfcpTrY2gbiZ9QG9ZDhrVRmIo&s
Memphis Depay;Ligue 1;https://encrypted-tbn0.gstatic.com/images?q=tbn:ANd9GcQ-_5Xn9C9BzSJ9iAj9-_8JneEQzkOgxM39W0l5rzAOYtt7qMlRGIj0KUvILQ&s
Michael Gregoritsch;Bundesliga;https://encrypted-tbn0.gstatic.com/images?q=tbn:ANd9GcR-2g8T8wa8tdwZqZwBUMZwqxCXcrAEZX22VslPGQ_xeTbL3-a9DZ9v-oK4tp8&s
Michail Antonio;Premier League;https://encrypted-tbn0.gstatic.com/images?q=tbn:ANd9GcQMXFwQIJugh4nOHvTsmGYHnWObSL3SswVGelQybC1MZrN9mB3lB-3aFyxnpZA&s
Mikel Oyarzabal;La Liga;https://encrypted-tbn0.gstatic.com/images?q=tbn:ANd9GcRAXPO4fbV8GDZmuMC3Qkk-5OpaqmRNljgrIIIVThzafUDwy0LI-pp5eGu9ktg&s
Mirco Antenucci;Serie A;https://encrypted-tbn0.gstatic.com/images?q=tbn:ANd9GcRp-DNzsX-uOBz7wLNtWtM1q-7fauoeF6JMuNq2DgQqTy1zbe_P7j2rqwV7Cg&s
Mohamed Salah;Serie A;https://encrypted-tbn0.gstatic.com/images?q=tbn:ANd9GcS_W8hKcX27jUrKG5MfBJuh5qdKIWhK0Yo4keUvPtLomsQ0YYymtQzgATKkkw&s
Glenn Murray;Premier League;https://encrypted-tbn0.gstatic.com/images?q=tbn:ANd9GcTx_5YuqXsBYtWNHQzMx1WoHIBK8mzdpjUlSeACJCoPX0bQ5ndFzE4Kvwa8_fk&s
Morales;La Liga;https://encrypted-tbn0.gstatic.com/images?q=tbn:ANd9GcQPJUrehczvCtntj4R5JsgzyQuWzRbA7wGeh-SUzC1H1t5xZlJJ6WBP458OqO4&s
Morata;La Liga;https://encrypted-tbn0.gstatic.com/images?q=tbn:ANd9GcRn_wJLK_q9igB4jYW3UaOEdIlyA3IILT2kjXPLS0p4l4Yx755jPKxOCkk72g&s
Moussa Dembele;Ligue 1;https://encrypted-tbn0.gstatic.com/images?q=tbn:ANd9GcQPWKj5oCmPIHvYWPc_-0DdjwG5SC9uYiptEsLCfgyUZOr4jLAN7zZyNnlDMSE&s
Munir;La Liga;https://encrypted-tbn0.gstatic.com/images?q=tbn:ANd9GcRd09MV34EBTnXjSO8D9ugdlfdPW1rkvALgzJ1Q6RJq9K3RsB6IJF0DZwu2ZS4&s
Neymar;La Liga;https://encrypted-tbn0.gstatic.com/images?q=tbn:ANd9GcQSyAAVz9hrm1LA_08eFWG0WUDWcZMLTLpMB_tnsQILIoUnoDCgKXMd8FVPB5I&s
Neymar;Ligue 1;https://encrypted-tbn0.gstatic.com/images?q=tbn:ANd9GcRYd-1O5jsq1iFUm7Za29h49x0WM2YHzHBfP_wyvVSnm4nrTJST1Uhh1xBSzg&s
Niclas Fullkrug;Bundesliga;https://encrypted-tbn0.gstatic.com/images?q=tbn:ANd9GcQV82Oj7dqPyo8eiZC3_bvELPZBMfWsSX4tnUPKaCPUdZVOgFAQjhHIemUY7g0&s
Nicolas Pepe;Ligue 1;https://encrypted-tbn0.gstatic.com/images?q=tbn:ANd9GcSXEnU5jEEMlV5Q96D6keQvorlgWFj1Q_XqvHnL37QePm_xAx3pGBZoBrhSOg&s
Nikola Kalinic;Serie A;https://encrypted-tbn0.gstatic.com/images?q=tbn:ANd9GcQh5BHmTSCmdL_FtASjkl3WGfOzZTllqcg_4IqehY-OGfDrtvU5Si9E0wb97ns&s
Nils Petersen;Bundesliga;https://encrypted-tbn0.gstatic.com/images?q=tbn:ANd9GcRaz5eiW4R1I_o-AYJWX0iM8Zm0t6uCCaURy7D9mzVG_TJtkg5euhyB5Z6UYmE&s
Olivier Giroud;Premier League;https://encrypted-tbn0.gstatic.com/images?q=tbn:ANd9GcRdUW-FH5jwzy8lU8zBoEdq5x2naw4unQzNYiNukS8Be-NQdyBlRAYJBAi-UH4&s
Ondrej Duda;Bundesliga;https://encrypted-tbn0.gstatic.com/images?q=tbn:ANd9GcRl8jH4lyCuDKnLMcNuz0dmHyrm7NJleN7kxs6MgSHqWKpiTfB7XdBSFHZDNk8&s
Pablo Sarabia;La Liga;https://encrypted-tbn0.gstatic.com/images?q=tbn:ANd9GcSsjcfZ_IqWAFPCAAUbuWDMXNYPo7WmhTaddCszW07vjkddN-htkFiiC5F7GVY&s
Paco Alcacer;Bundesliga;https://encrypted-tbn0.gstatic.com/images?q=tbn:ANd9GcSifP5LT27i2see0j4DLNNUkxqqEOVTJ7dQgRq97BtTXdVjGoljIKpsJHJL_Q&s
Patrick Bamford;Premier League;https://encrypted-tbn0.gstatic.com/images?q=tbn:ANd9GcRU6Xr7gHn2DpAVt282PIHIOkDSNIJ4V0Mx0oYLl6dXRxXvUZ2EJkn1hSdBJoI&s
Gylfi Sigurdsson;Premier League;https://encrypted-tbn0.gstatic.com/images?q=tbn:ANd9GcTXgKeq4TSHwH1xzm1_6Y2FSPmz5y4RdC5l6oViowjxKjMWvE8kKS-a38LL9u4&s
Paulo Dybala;Serie A;https://encrypted-tbn0.gstatic.com/images?q=tbn:ANd9GcRb58erqJpyE96PCs8-_230TSc0fucR1MM-5CPjxjGwmqu-wQpG59a2iqczDA&s
Pedro ;Premier League;https://encrypted-tbn0.gstatic.com/images?q=tbn:ANd9GcTZN9Mofy42HbBSaJFumno5hpqVpcCjK4G3QAvAFndSdKGVEJ6vsiPCx-l4YA&s
Philippe Coutinho;Premier League;https://encrypted-tbn0.gstatic.com/images?q=tbn:ANd9GcSI1LmZCwyIdi_rvnCh6t5IHv9g9VxFYJQuBukthyQr8FTWLhmRtJ6xv9ChKw&s
Pierre-Emerick Aubameyang;Bundesliga;https://encrypted-tbn0.gstatic.com/images?q=tbn:ANd9GcR7TiNoPPHwDaADC0Q6HCS8IxftAyGUAfX5oo0WaapcOz8EqHb2NXuytRs9hA&s
Paul Pogba;Premier League;https://encrypted-tbn0.gstatic.com/images?q=tbn:ANd9GcSyyR14TiF-WXHj8z_CUH-h7cMiNZzEy9-06g_Sqi4hg27IU0E1Wu9Sic5ebA&s
Portu;La Liga;https://encrypted-tbn0.gstatic.com/images?q=tbn:ANd9GcQriGkspH3ZXl6OMOAP35LwRC-neHJV507R1E8eG_soVrJrPJGGafwJxAPtjQ&s
Raul Jimenez;Premier League;https://encrypted-tbn0.gstatic.com/images?q=tbn:ANd9GcTM9MCJPwQ-l1eKYcdNVlldBTZpl1LB64KNv_oEmfmptgbgdlXJ8wsZuZG_Pw&s
Raul de Tomas;La Liga;https://encrypted-tbn0.gstatic.com/images?q=tbn:ANd9GcRHzS50ivIAgB_4ibKCrS6qL1ZGBpYf4w17_kS1I22WGvJBgUBgXUsRI6MIpBA&s
Raul Garcla;La Liga;https://encrypted-tbn0.gstatic.com/images?q=tbn:ANd9GcQTg7ZApgIklWZ5i5A_D3QFVMYK6sZP9KFnGs9i7589XS58QdMVy4DpRVapA1A&s
Ashley Barnes;Premier League;https://encrypted-tbn0.gstatic.com/images?q=tbn:ANd9GcTiVnD39s-M58y5B0_dP9MJu_u_Kfiak-m-TMwA6aORIln_yVthFwrVRn9hOQ&s
Remi Oudin;Ligue 1;https://encrypted-tbn0.gstatic.com/images?q=tbn:ANd9GcQLS_CbvDfpF4EQUf4gifdsZb0qSDO9_ebkou44rwN_KvkJijPPPv5_EaN6BQY&s
Ayoze Perez;Premier League;https://encrypted-tbn0.gstatic.com/images?q=tbn:ANd9GcRKBKpS-AUeSMhXHFMEvIxm4jqK5iAQFyDroEZFWP9GsYZqpx18SuWiK-E3_w&s
Riyad Mahrez;Premier League;https://encrypted-tbn0.gstatic.com/images?q=tbn:ANd9GcS4G17ysL_88iiyIsBuEYXnti_sST1vILB_dJv1RUxWrGGQCmnq2Zw-3Kwx9c4&s
Robert Lewandowski;Bundesliga;https://encrypted-tbn0.gstatic.com/images?q=tbn:ANd9GcTfyWT00RX4ttWdt-9AQ2L-qBatAKMVmwLHtfLId0jA1OwlMospdXQ4R2UOMRQ&s
Roberto Firmino;Premier League;https://encrypted-tbn0.gstatic.com/images?q=tbn:ANd9GcTDHsxGWCjgEXdSk0G-obl7y1wBti4r7xh9xjPFrjUhVue9UBMtw3gsVS_Ea9Y&s
Roberto Inglese;Serie A;https://encrypted-tbn0.gstatic.com/images?q=tbn:ANd9GcTWqpIpbbZxsHCJ6HuQw6iSqtG6oN4thhQZYu-QgrdNEjBXdpcXoXguoqWEoQ&s
Robin Quaison;Bundesliga;https://encrypted-tbn0.gstatic.com/images?q=tbn:ANd9GcQNXGzgaNAgK2VC4hNXBcOD3Ttmdx8HUj62OS-GAHpGsBFWD8cJz73mZJxA6w&s
Rodrigo;La Liga;https://encrypted-tbn0.gstatic.com/images?q=tbn:ANd9GcSzcnENQgB1JfSjiWzkiyiVgIRaJpUqMxXEYmIG4FdOt4aTqPjY9liS8OfsYg&s
Roger;La Liga;https://encrypted-tbn0.gstatic.com/images?q=tbn:ANd9GcTHJWsoOg3qrtpKQVGKmM5AWzPvG5W6qdl9ozReau9thqnp9Rs4IiMBpd0nfe0&s
Romelu Lukaku;Premier League;https://encrypted-tbn0.gstatic.com/images?q=tbn:ANd9GcRVB_eJwFwtWpHZpsQ8VedISf6Q_LzKTQ3uJuhXTNK46sitTN2O8pikzYJoUs4&s
Romelu Lukaku;Serie A;https://encrypted-tbn0.gstatic.com/images?q=tbn:ANd9GcSvmbZqiNUI4tVxBIcPZUS6BWtyJNAHZ2U2UttDoveCnbYXGVf9FwrZ3hzHhg&s
Rouwen Hennings;Bundesliga;https://encrypted-tbn0.gstatic.com/images?q=tbn:ANd9GcR4Mfbk8ClmEhrVq4WB5pP0_nnL4Xui1RdjqxGR9JkQYN9-ur87AJ3BPZ42nA&s
Ruben Castro;La Liga;https://encrypted-tbn0.gstatic.com/images?q=tbn:ANd9GcR_fTOOyw06RS2gz9cmmrtaeoTgj0Y7vE5QsLnjQbBAsUd-ARlz4S8iV_GXOjU&s
Salomon Kalou;Bundesliga;https://encrypted-tbn0.gstatic.com/images?q=tbn:ANd9GcQ6ONsna8Naa8Fo39rTeCMXtwJZjlFRhtRWVCWdmgTjLUFsNEfBg4B-xddpjxk&s
Sandro Ramlrez;La Liga;https://encrypted-tbn0.gstatic.com/images?q=tbn:ANd9GcQ3u1JdPtsOL3kOlkK4L_nESECiy-9ztfptZU_sCTA2NFQw7UKxKn1DZ_4yGQ&s
Sandro Wagner;Bundesliga;https://encrypted-tbn0.gstatic.com/images?q=tbn:ANd9GcQsQ_od1i0Wiq9rs9mggmX-FETII2SVlC_ew09oMpMf0I6NAArGNeTe0XcsDg&s
Santi Cazorla;La Liga;https://encrypted-tbn0.gstatic.com/images?q=tbn:ANd9GcQI2423eER_tXCkju4NPJoQgiW8OuNCVZjNJmyNoX7uIbTRhcN5_rjOqB1ba9s&s
Santi Mina;La Liga;https://encrypted-tbn0.gstatic.com/images?q=tbn:ANd9GcQTlYv8TSciuLVG9tWVIJU8MgCP9hBnzRG_LnZGQJ__9oIb9-WN7KmufbA4_w8&s
Sebastian Andersson;Bundesliga;https://encrypted-tbn0.gstatic.com/images?q=tbn:ANd9GcRS_m-mWpG3nekQeu6zkvTrQtOJnxHg1aaAaAL42aENmiI5UQ9LGva33NJObw&s
Sebastien Haller;Bundesliga;https://encrypted-tbn0.gstatic.com/images?q=tbn:ANd9GcQLN6BaafTt2xBI7Annw8THyNDK7dtJ91FvQ4X5_obR7RROMGBpf1fJ_ODgEGE&s
Sehrou Guirassy;Ligue 1;https://encrypted-tbn0.gstatic.com/images?q=tbn:ANd9GcQG4yuf5qtT8IEBnMNXXPtaohLFZDpaQP1RQ49XA7f13X4Pj9SeNINEDG-zA-U&s
Serge Gnabry;Bundesliga;https://encrypted-tbn0.gstatic.com/images?q=tbn:ANd9GcQMYs3cP_c8pQ6LBv3Aw7DyASwsBCPm--IfKylB_E98PLEdCKMB75aNndyMXw&s
Sergej Milinkovic-Savic;Serie A;https://encrypted-tbn0.gstatic.com/images?q=tbn:ANd9GcSjOFNjByBTXPxi-t_E5QC6myFMfWXQsCHSM6Oq3OS3GHfjsSEMkYGPHqq7uw&s
Sergi Enrich;La Liga;https://encrypted-tbn0.gstatic.com/images?q=tbn:ANd9GcTl6w-Q2p8cC1YLidGDBOT5NqpcJ9Vpx-WPJRpUh0tMdFnMniw53yWV5h5UfwU&s
Luka Milivojevic;Premier League;https://encrypted-tbn0.gstatic.com/images?q=tbn:ANd9GcRScghM79kR5CAKLpqqUJ13ma6nFs7WSYhLcC71EBsD-QDExeU6dcmJKS6xlgQ&s
Sergio Leon;La Liga;https://encrypted-tbn0.gstatic.com/images?q=tbn:ANd9GcRbaMnoJjxNjxaq6o9kLnvQ4u4x5tHgYWHqA2aZ7kaQen3qz1UPOAJl3ddDNw&s
Sergio Ramos;La Liga;https://encrypted-tbn0.gstatic.com/images?q=tbn:ANd9GcQZtjkC2DiKI2ubnPmZSaHnEFA9VWaNdsJ5dqMXseQQLO6yir0giKDJ3eS30Ls&s
Simone Zaza;La Liga;https://encrypted-tbn0.gstatic.com/images?q=tbn:ANd9GcQAwkb5N05kWPZBWEKsCGoUIgVKyi1Z6WfVi6ZUhQoJAc72WI3ki6jk_l_X4g&s
Son Heung-Min;Premier League;https://encrypted-tbn0.gstatic.com/images?q=tbn:ANd9GcRkUvXZXFR7cemaMurzoTFJiviWaNXYbkBE2sGTD1sRraPxamJzw_tY2Q_tkhM&s
Stephan El Shaarawy;Serie A;https://encrypted-tbn0.gstatic.com/images?q=tbn:ANd9GcRUqFZw4GLIbY0kGMpm9dwPlVuXqjfFMZosPKlEuZsPJK-Fsh0kuVLoWB6NSRo&s
Stephane Bahoken;Ligue 1;https://encrypted-tbn0.gstatic.com/images?q=tbn:ANd9GcTgLQiosAQ6gJ5zHITcw54uyjfaucLJXMfDn3s1z9rTisKzClvC5DOHqmw45A&s
Tammy Abraham;Premier League;https://encrypted-tbn0.gstatic.com/images?q=tbn:ANd9GcRbRAqb89tCNAhZmHUwOeQ31CXvcvL2zG70LWQMzmtdXsPnWFasbpXUQdljXXI&s
Teemu Pukki;Premier League;https://encrypted-tbn0.gstatic.com/images?q=tbn:ANd9GcTlOrsAs3WsR7uFzPQvq3JEEG14j8YkN55uDFg2t337EE5LBqiL3n78Cdi6KIo&s
Thorgan Hazard;Bundesliga;https://encrypted-tbn0.gstatic.com/images?q=tbn:ANd9GcQjrKCak6gSMNloqaAZ0uzNrHkK5OqFVxK4O_18236BvX1BKNouJ0pnDSM3Emw&s
Timo Werner;Bundesliga;https://encrypted-tbn0.gstatic.com/images?q=tbn:ANd9GcTrvBoESUTnPyJtrtR85R8WTF6XKKmBGuwizIQYwmvWp0HyCvAKGKJqW1Lt_Q&s
Timo Werner;Premier League;https://encrypted-tbn0.gstatic.com/images?q=tbn:ANd9GcTFRx_t5xNZTXwKWFAv3KvchH8_owjUz3W3BXFXEjH24LLO6Naez3frT_pEr-8&s
Vedad Ibisevic;Bundesliga;https://encrypted-tbn0.gstatic.com/images?q=tbn:ANd9GcSuIAyWGwoYjR6KGoprnpumeKRRJfg7oq4_RkEjGHf8n47YFjvTe50XIDHKGMs&s
Victor Osimhen;Ligue 1;https://encrypted-tbn0.gstatic.com/images?q=tbn:ANd9GcRHQGCImneOJFJ1j0aokCbWavYp_vxLfkC6vlDM2nQ-2LKJWAtschcIiR3V5w&s
Wahbi Khazri;Ligue 1;https://encrypted-tbn0.gstatic.com/images?q=tbn:ANd9GcRudGwp8_z8NSYYiY5ydy42bb7nl75nDhtKOVXocrld-bruxC6kxFZUgMmkjSM&s
Willian Josa;La Liga;https://encrypted-tbn0.gstatic.com/images?q=tbn:ANd9GcSPaL_nX2kBE_rQVx1XlsXkWLHuihnfdJT4TBQu_P68-Zu67KNQDFdzG-xyH0Y&s
Willian Jose;La Liga;https://encrypted-tbn0.gstatic.com/images?q=tbn:ANd9GcSy0S82PyfCoh7FsAgVN8QlRar4-v8na3Z53xSx4rvnTIi4Fo8XLPCT1GqksA&s
Wissam Ben Yedder;La Liga;https://encrypted-tbn0.gstatic.com/images?q=tbn:ANd9GcRsJn_LMenfHbovsfuK7acIHXzICLMpO690fbLril-I9CMTzES_9kaVGAhZ4Q&s
Wissam Ben Yedder;Ligue 1;https://encrypted-tbn0.gstatic.com/images?q=tbn:ANd9GcTDg1lDiw3VINbczjTVOWGflO7gZthgs6WOBoK-Ipbuws9oO7cBB6agqR_i6Q&s
Wout Weghorst;Bundesliga;https://encrypted-tbn0.gstatic.com/images?q=tbn:ANd9GcSwYlgDBj5xZCH-wwD4y4pvy47uwY5XnHRIGheTlZyIo_eou5NrfCSSljBlYA&s
Yussuf Poulsen;Bundesliga;https://encrypted-tbn0.gstatic.com/images?q=tbn:ANd9GcSXXHop3OGvRiiElBL8r0Q5wBC0gMRxB6dom_tdhYS2vlSbF1wXnPEM_UkT_uU&s
Zlatan Ibrahimovic;Premier League;https://encrypted-tbn0.gstatic.com/images?q=tbn:ANd9GcSdaZAxzn9twfKsRIv3ifkkAbD8fKqcLRaZhOhKnsp170TqFYadQQO9gIe-KXM&s
